"","Domain","Mean_MSE","Head_Count_MSE","Mean","BM_Head_Count","Mean_CV","Head_Count_CV"
"1","100101",0.0570441977425624,0.00993895284099076,0.376644351225947,0.185435402724895,0.63412413062548,0.537622781131126
"2","100102",0.0439284152694108,0.00816922052412462,-0.0356723930782756,0.336144554850229,-5.87544172630077,0.268883547481499
"3","100103",0.0330092197433457,0.00583160337622543,-0.0512700410161372,0.341788132255255,-3.54367565114331,0.223427697770587
"4","100104",0.0242389064074571,0.00459791719681685,-0.286163091663724,0.451545464603284,-0.544055107404706,0.150168584958711
"5","100105",0.142817955316154,0.0235673113768123,-0.396355517376342,0.479104068428556,-0.953468824431234,0.320424091132601
"6","100106",0.036629801831981,0.00690847907957564,0.0524990091949169,0.296671095080574,3.64557617598595,0.280166360656338
"7","100107",0.177223687698367,0.0289516159934355,-0.462033337667268,0.507506297229219,-0.911145158258597,0.335270212310862
"8","100108",0.0458697941494554,0.00775199234202384,-0.199569643347281,0.413174963615749,-1.07317096550507,0.213094710659479
"9","100201",0.0414103324078594,0.00778694250078337,0.111256386220867,0.274649732883258,1.82906613569917,0.321295248463706
"10","100202",0.00572914488681293,0.000953353602673229,-0.0218242450085262,0.327276882277376,-3.46821230011628,0.0943434332786382
"11","100203",0.0353727996929653,0.00670230325119211,-0.561088802650982,0.590999283508404,-0.335199309704095,0.138524018793561
"12","100204",0.00386944851710428,0.000549589720053993,0.26708753187423,0.218145455724163,0.232900768477483,0.107466506196854
"13","100205",0.0509376911999416,0.00942132555172961,-0.531543697108584,0.576380370792042,-0.424600650664397,0.168401836525296
"14","100206",0.020915719458901,0.00364068907363285,0.263242237214956,0.218484564854304,0.549390102229241,0.276166524294821
"15","100207",0.237562498015443,0.0359279417623875,-0.422588453738858,0.488686911890505,-1.15337707483768,0.387869348967338
"16","100208",0.00653446271697328,0.00108252266302707,-0.160240230403078,0.395951438404363,-0.504467719690387,0.0830953217194951
"17","100209",0.185611382804024,0.0292762976517064,-0.507212640996365,0.527229146692234,-0.849399956509692,0.3245328515189
"18","100210",0.0203817863915908,0.00387267485606841,-0.486957566542376,0.554849123655241,-0.293177072827337,0.112158092225289
"19","100301",0.175409350714799,0.0287630090676522,-0.459799683830323,0.503903040262942,-0.910872734144952,0.336565952844232
"20","100302",0.0334792939480337,0.00593916409413867,0.129062275757899,0.268266746616977,1.41771464772384,0.287273668172164
"21","100303",0.0159092299227377,0.00306901600818753,-0.972646806827345,0.784808363341502,-0.129678928628832,0.0705888252563848
"22","100304",0.013221697710065,0.00248862233781141,-0.629629800566448,0.626071260422228,-0.182624204282943,0.0796811749478209
"23","100305",0.0442671343547357,0.00814708681261947,-0.831410442668544,0.721571132680664,-0.253061005513297,0.125089835559664
"24","100306",0.204376907520045,0.0332356129545119,-0.407344200063666,0.483007031882256,-1.10982467075028,0.377440407894991
"25","100307",0.161419722133263,0.0251824342449357,-0.343681937365001,0.456106537530266,-1.16901905400218,0.347922533516759
"26","100308",0.0436356146252623,0.00814591967879408,-0.553631164535766,0.587773347862043,-0.377311480479019,0.153553659954711
"27","100401",0.0574312964010197,0.0107233584127643,-0.659339984193932,0.639892701042968,-0.363466924781945,0.161829709506133
"28","100402",0.0371670422303983,0.00704314701797404,-0.343861527863914,0.482552530032735,-0.560654628761598,0.173915696342948
"29","100403",0.0303759570103886,0.00385872337147615,0.0572724949196513,0.29201834772907,3.04311862695843,0.212721645300429
"30","100404",0.197109756339985,0.0304503721505154,-0.422769723976768,0.49061360275998,-1.05014720819877,0.355677765596922
"31","100405",0.0249574156609789,0.00485336497342727,-0.494959238703907,0.557914690560253,-0.319176105336847,0.124868725410729
"32","100406",0.0391118574463923,0.00747157149939813,-1.03126017382411,0.805627991818582,-0.191772343121375,0.107293010423895
"33","100407",0.0471538497850124,0.00880878609490812,-0.976005201872742,0.783569129868038,-0.222487924901366,0.119779008614472
"34","100501",0.13336686154552,0.023099032984923,-0.503373666932053,0.526039930031281,-0.725493412091641,0.28892038717922
"35","100502",0.0577184644576012,0.0109110300512611,-1.20896486512758,0.873553308703494,-0.19872097288865,0.119575846209503
"36","100503",0.00820330490148588,0.00130050002605911,0.512754952618334,0.138488374927519,0.176638172574047,0.260400529796768
"37","100504",0.170372456271677,0.0276953665913047,-0.363937054996665,0.465143266475645,-1.13415762243981,0.357780626864435
"38","200101",0.00767123019514799,0.000639650488989524,0.775207351477344,0.0817616335182359,0.112983396142219,0.309329833955216
"39","200102",0.0129067342559502,0.000981556608189264,0.761721552443994,0.105563141272999,0.149146113290643,0.296787339357194
"40","200102",0.0129067342559502,0.000981556608189264,0.761721552443994,0.105563141272999,0.149146113290643,0.296787339357194
"41","200102",0.0129067342559502,0.000981556608189264,0.761721552443994,0.105563141272999,0.149146113290643,0.296787339357194
"42","200102",0.0129067342559502,0.000981556608189264,0.761721552443994,0.105563141272999,0.149146113290643,0.296787339357194
"43","200102",0.0129067342559502,0.000981556608189264,0.761721552443994,0.105563141272999,0.149146113290643,0.296787339357194
"44","200103",0.00673787267255508,0.000721118094360681,0.797637056817826,0.0750905243419787,0.102909644405029,0.357616920928247
"45","200104",0.00167294153196843,0.000186831781751127,0.610397996379744,0.11418902747172,0.0670080966537464,0.119701888891032
"46","200105",0.000898134225878307,0.000116423014908032,0.601500947994136,0.116322093972666,0.0498235085606873,0.0927592458928858
"47","300101",0.166638643318944,0.0250560611767352,-0.636566873619608,0.582532527687439,-0.641274286310996,0.27172914338202
"48","300102",0.0536895963475851,0.00998714904125435,-0.672128096664606,0.624954130012973,-0.344741065059879,0.159908895309692
"49","300103",0.193221482366435,0.0306464987924849,-0.571473219550662,0.553326413255721,-0.769186797976368,0.316380006721516
"50","300104",0.00568763901555454,0.00110526079186486,-0.426557402417119,0.50719125141216,-0.176802551957038,0.0655481785882948
"51","300105",0.0486243402093994,0.00831367184570995,-0.752335186978933,0.661090763435831,-0.293099775834844,0.137922572757096
"52","300106",0.0346195216059783,0.00746327408738866,-0.269974997139141,0.433031981824296,-0.689186855640238,0.19950083743563
"53","300107",0.0466281564846786,0.00802542377465344,-1.14977607281012,0.824660579093809,-0.187806602438294,0.108632244410816
"54","300108",0.151797272152675,0.0235196970911607,-0.581234567679629,0.5578073089701,-0.670317485797508,0.274936032698953
"55","300109",0.0505005768132272,0.00932015202680284,-0.987567481160616,0.763813304055726,-0.227552383222727,0.126393365956599
"56","300201",0.0277474508880456,0.0048875143966639,-0.583434538432536,0.584859849950621,-0.285508742075818,0.119534210189167
"57","300202",0.190513703092374,0.0292254845461967,-0.501222062700136,0.524019804746162,-0.870829093407598,0.326236958237197
"58","300203",0.0261923374415072,0.00414135502341671,-0.835835541545586,0.703034895320671,-0.19362716834223,0.0915365098530461
"59","300204",0.00791511118944898,0.00156133895651252,-0.0596699862164207,0.334580273307542,-1.49098259082587,0.118099556392656
"60","300205",0.0407216030237697,0.00738676691838248,-1.44019150922985,0.911910088386626,-0.140117437666334,0.0942486585282978
"61","300206",0.0194084931621886,0.00395192963297366,-0.702351581651105,0.640624386167674,-0.198354174391653,0.098129849984712
"62","300207",0.148475099238338,0.0227008505001997,-0.704313492828942,0.608838146494493,-0.547092553577688,0.247468091574589
"63","300208",0.0484975868252881,0.00986294991515805,-1.15952453750913,0.829452349693521,-0.18992411926825,0.119732478356392
"64","300301",0.0245515494559286,0.00443989742914955,-0.793567581760136,0.6821735961515,-0.197449271109246,0.0976768313827844
"65","300302",0.204246189440345,0.028257007250991,-0.86237976207307,0.67539517274018,-0.524056877975618,0.248888671323693
"66","300303",0.00525075437910525,0.000985363830456116,-0.399775494011708,0.493473651896086,-0.181256956316154,0.0636113099419216
"67","300304",0.0493718401135038,0.00866096638967472,-1.23887385533894,0.85407725962539,-0.179354620376749,0.108964747792976
"68","300305",0.0175152382994591,0.00310720897299345,-0.980005087275662,0.762179527802653,-0.135045368740797,0.0731354523314938
"69","300306",0.0338001236532112,0.00553857921581208,-1.06034174300135,0.79208485518527,-0.173385703820548,0.0939566397249961
"70","300307",0.173537126201285,0.025279471603677,-0.875740843398528,0.678508909155363,-0.475686247197924,0.234330296189528
"71","300308",0.0165823628143224,0.00296919834096397,-0.665678047780735,0.624236950088058,-0.193445651320017,0.0872911334231342
"72","300309",0.068755948873844,0.0107386102589038,-0.442774434364169,0.516083027149254,-0.592205727123813,0.200795725784116
"73","300310",0.0463508897961299,0.00812357450651514,-0.977447858274792,0.758184797893618,-0.220259900397468,0.118877184790557
"74","300311",0.0425826913519911,0.0076819997663091,-0.781922692799943,0.672146929961398,-0.263908109725989,0.130398599033308
"75","300401",0.161587247781536,0.0239108078247447,-0.851479220765125,0.666594990548204,-0.472095094706086,0.231971739335583
"76","300402",0.154827934792002,0.0230799628511717,-0.872918253691401,0.679472571665196,-0.45076593177513,0.223586523121437
"77","300403",0.0503222784817765,0.00786573288277371,-0.634378429768867,0.608646590677645,-0.353615864467041,0.145715047852667
"78","300404",0.0476070843224178,0.00769239557969425,-0.660033590499822,0.621223823412397,-0.330574807552947,0.141183096428419
"79","300405",0.0593828468281958,0.0100750487670183,-0.627959493558498,0.605792344167586,-0.388059997403805,0.16569133530876
"80","300406",0.192411564899329,0.0260041225566539,-0.811675157438564,0.658469082811285,-0.540422387726998,0.244898268080112
"81","300407",0.0479648195528898,0.00858328168199724,-0.588081070795472,0.586354572208619,-0.372412463421973,0.158003376056703
"82","300408",0.00199928525296955,0.000371336524823046,-0.135041492351219,0.3651984979767,-0.331108364863812,0.0527660824457441
"83","300409",0.0190265565445388,0.00292786558039175,-0.4627260116218,0.526406220143229,-0.298096024712386,0.102790873048528
"84","300410",0.0375371543413264,0.00569466653948892,-0.639875531801154,0.610516828635007,-0.302785566923633,0.123605133948339
"85","300411",0.0451611278138555,0.00853309166606961,-0.484792859144556,0.535853594810185,-0.438355212727622,0.172388010257476
"86","300412",0.0450590934560328,0.00826853848399643,-0.681727687235876,0.630464538295297,-0.311372527836641,0.144229371884104
"87","300413",0.0510166610956713,0.0080933938028614,-0.638875418102428,0.611138132273565,-0.353541042097353,0.147206149751908
"88","400101",0.0450274892038431,0.00797233609269631,0.364387027508952,0.150785852716639,0.582339109571074,0.592150640299304
"89","400102",0.0420424833896294,0.00631130060652441,-0.387287090321629,0.416428406870517,-0.529433185622866,0.19077395599513
"90","400103",0.0408483122733451,0.00810892660597415,-0.081947964494258,0.293843567054992,-2.46631695283481,0.3064541432782
"91","400104",0.189917396220662,0.0284686164584434,-0.147505832119958,0.371264767199444,-2.95442644373209,0.454463955207177
"92","400105",0.00359241708976371,0.000555590340530993,0.438532815565311,0.130904904830574,0.136675691403481,0.180061732287794
"93","400106",0.0566001407312676,0.00871372937304571,0.711052683289855,0.0805133756699994,0.334585392091209,1.15940187460717
"94","400107",0.190607132021485,0.0282582168586423,-0.135754955192062,0.368591603594888,-3.21598402406498,0.456065204424847
"95","400108",0.0504428019915849,0.00919417869278919,-0.933269398953465,0.632978506102028,-0.240653717822129,0.151484259068058
"96","400109",0.186113338948982,0.0273122856780782,-0.141157088882587,0.36623148331029,-3.05623015931218,0.451256371779164
"97","400110",0.0419556367210625,0.00729436117173196,-0.40926362309481,0.424569651683825,-0.500486092206067,0.201161416020008
"98","400111",0.181063353822865,0.0271261702393387,-0.226686336680724,0.409360354409187,-1.87711091942624,0.402335599474286
"99","400112",0.0466030783418957,0.00847500704349473,-0.812909529857443,0.588774673695295,-0.265561484364774,0.156358290472693
"100","400113",0.0425989813970881,0.00770996953758315,-0.483012224322742,0.456428346895031,-0.427308453955867,0.19237725441044
"101","400201",0.0240114433541615,0.0033926933527064,-0.0730392314362601,0.29040609937669,-2.12154837429816,0.200570275185448
"102","400202",0.178166637621206,0.0225094900052021,-0.0517254961925551,0.332720848056537,-8.16034512160297,0.450923441954921
"103","400203",0.0124835275662468,0.00181846267329145,-0.255012518007877,0.362571045445229,-0.438134208073646,0.117614015232981
"104","400204",0.040843333614038,0.00772511904426356,-0.717625636318008,0.551477529532757,-0.281619449962805,0.159376677499893
"105","400205",0.0527513528533669,0.00927445003020491,-0.11382135428604,0.308586018901684,-2.01786938965029,0.312081365256984
"106","400206",0.180742326567467,0.0258728452179768,-0.228190541486562,0.406105229387231,-1.86308339547588,0.396080547175881
"107","400207",0.017701831668786,0.00341583954786738,-0.572922509272444,0.493632645015954,-0.232227270630742,0.118398134157164
"108","400208",0.0425097824705222,0.00796975142022571,-0.592058130001408,0.501065032172208,-0.348241153096384,0.178167420441914
"109","400301",0.160004307135275,0.0246720195493038,0.0111597097669641,0.307950918699275,35.8437085045877,0.51005950630676
"110","400302",0.0371002405450649,0.00590232748179184,-0.00327613026163283,0.265728818827081,-58.7932139088531,0.289116577343382
"111","400303",0.0545008743750368,0.0096407775897472,-0.485052736393589,0.457434729579751,-0.481296580310817,0.214648025433731
"112","400304",0.181904752852228,0.0256838206737493,-0.164689142109396,0.383764013745705,-2.58974531473797,0.417604881650917
"113","400305",0.0416491336181596,0.00718236145189157,-0.259351530427265,0.364434975321885,-0.786890261855554,0.232548519231208
"114","400306",0.0187967447903757,0.00369996323413562,-0.633351737931718,0.518588164082939,-0.21646932147648,0.117294082861019
"115","400307",0.0395557021158378,0.0067081309169768,0.342268569463015,0.157775071482697,0.581082142504141,0.519113566990614
"116","400308",0.174748366139914,0.0234222823573429,-0.0253194707584991,0.325656614785992,-16.5101849510019,0.469953298328135
"117","400309",0.0250661129388555,0.00419843417750392,-0.295754509799991,0.377161838929242,-0.535318337315945,0.171797140079275
"118","400310",0.202388015577558,0.0294866011722683,-0.0219527441062453,0.324659524402839,-20.4929075599649,0.528912961242763
"119","400311",0.012473839837779,0.00173779471613746,0.0852544095238769,0.232736294258828,1.31003600191527,0.179116304846443
"120","400312",0.0477431193889467,0.00901181971118866,-0.0857570194160665,0.295299157830073,-2.54791958637496,0.32147265644318
"121","400401",0.0507823573568717,0.00820166351467522,0.0506790637509798,0.245410350374889,4.44659776697323,0.36902696239357
"122","400402",0.0272359815582794,0.00430653286503725,-0.0734211093616836,0.289348492905256,-2.24776328673142,0.22679979531832
"123","400403",0.175745381248595,0.0246969367906368,-0.0985500897476476,0.348490024779737,-4.25387707601519,0.450952910015033
"124","400404",0.15595410823523,0.024388078567337,-0.132373534412746,0.363107594936709,-2.98330217702008,0.430084171902598
"125","400405",0.042897925599991,0.00702570260791036,-0.299673580097543,0.381276797639711,-0.691145826052856,0.219838880552609
"126","400406",0.021364332760874,0.00355432336732896,0.279580173063392,0.170965427881351,0.522803272599333,0.348714632139926
"127","400407",0.193563941520934,0.0273456625687529,-0.004738123421762,0.314926435690555,-92.8551207692832,0.525091644155364
"128","400408",0.037796976970407,0.00166867244558246,1.05639936155304,0.0916074042485469,0.184034990439371,0.445917965576284
"129","400409",0.0458449088074587,0.00761778987939225,0.00210379141557525,0.264094918843054,101.775414062289,0.330487052043363
"130","400410",0.180769130314877,0.0246190735440141,-0.123419159986682,0.362928598697008,-3.44492322998666,0.43232929130651
"131","400411",0.0492842286991668,0.00869862885016095,0.199313498039627,0.202059826518467,1.11382579339147,0.461578343966815
"132","400412",0.217311378187384,0.0274462445955069,-0.0368318823664208,0.329496074028781,-12.6566076733373,0.502795312752161
"133","400501",0.0470499482905112,0.00722091838240931,0.213451333392089,0.192389786525162,1.01620353919601,0.441686581328818
"134","400502",0.0338440645614209,0.00550963804887032,0.466437518455478,0.122531956806528,0.394409876146316,0.6057761426118
"135","400503",0.0487533067409177,0.00819691277812887,-0.0809907764482758,0.294589211103467,-2.72625500714675,0.307332380253736
"136","400504",0.0366304389985191,0.00544101094181521,0.144385357137007,0.21703394720888,1.32555548260249,0.339869451488157
"137","400505",0.0146314508126969,0.00207014817055104,0.600671674817121,0.0919886803933628,0.201375458812801,0.494613911045829
"138","400506",0.169704736583609,0.0262809264657842,-0.155698445963014,0.372984734339862,-2.6458346768914,0.434639585982261
"139","400507",0.0567631314625446,0.00924430222335129,-0.346738811606524,0.399670674564363,-0.687117036663295,0.240566297539688
"140","400508",0.16789047632861,0.0237873165042571,-0.145065946367377,0.371760525877718,-2.82453886606711,0.414867535807447
"141","400509",0.0458623112081274,0.00694460989816683,-0.132208235699774,0.313970019598673,-1.61983007754289,0.265421284988534
"142","400510",0.0473029871498149,0.00764468618992964,-0.41191199229715,0.426656831983839,-0.5280072033172,0.204927917616881
"143","400511",0.00301317748366337,0.000430656667654146,0.492498099413226,0.114298868969099,0.111457115115276,0.181561455185144
"144","400512",0.0251630790487285,0.00447979594185517,0.0498954366147133,0.245804172278558,3.17922352693618,0.272295124749503
"145","500101",0.0138944198448011,0.00239301450452178,0.0598556181424268,0.351886864831938,1.9693154523964,0.139017543352162
"146","500102",0.0382438008954541,0.00695361635625081,0.0254199598855047,0.374472429635724,7.6931759166512,0.22268220580752
"147","500103",0.011713936083466,0.00213158231616379,0.126455081176906,0.317968814281439,0.855884458369087,0.145199970102215
"148","500104",0.0349689610508202,0.00666790617945669,-0.13684905397176,0.466237043143294,-1.36646831257136,0.175141056197792
"149","500201",0.136413205612504,0.0197484334898315,-0.873951681328727,0.681070012446972,-0.422610988468406,0.206335790966733
"150","500202",0.0110255841301595,0.00214152853514193,0.281299195930439,0.249196130008209,0.373277929885414,0.185703735280809
"151","500203",0.173046215918284,0.0252126012892661,-0.920847795991958,0.69303453434453,-0.451744839843014,0.229115226103368
"152","500204",0.0272562080913909,0.00506880625311955,-0.48442192653986,0.67193157102232,-0.340807328989463,0.105956547454545
"153","500205",0.060287420167156,0.0111948375519828,-0.366617677501237,0.600281259014271,-0.669730300442114,0.176260141005913
"154","500207",0.0207394701644956,0.00302939948685313,-0.897430223274789,0.913227030453282,-0.160471583130665,0.0602697675037196
"155","500208",0.0262390524514296,0.00476000204127909,-0.108557087608847,0.449595871514415,-1.49216170621922,0.153455074673342
"156","500301",0.0453731520606048,0.00750025254731852,-0.591847950577419,0.735467863049236,-0.359906199202574,0.117753613447819
"157","500302",0.178922541262965,0.0287896712270018,-0.621054286852043,0.57142719568567,-0.681087586777959,0.296932303183317
"158","500303",0.021773733782099,0.00389586941687673,-0.80551196380116,0.863027154938827,-0.183186919359157,0.0723232168687416
"159","500304",0.0198500271815578,0.00370245189304458,-0.0917090152315485,0.434134414409886,-1.53627344208241,0.140158841091921
"160","500305",0.0438767615964646,0.00785471413842287,-0.766883652618015,0.838082374450272,-0.273141570976691,0.105749539501831
"161","500306",0.172182001004576,0.0262869802809991,-0.471455780700141,0.509526847421584,-0.880142333033266,0.318202272834485
"162","500307",0.0461974069497329,0.00822584333182532,-0.453588124175163,0.652389169319123,-0.473856807709494,0.139021981542744
"163","500308",0.0249585740293379,0.00468862184927541,-0.227681544692916,0.518469056050449,-0.693876302037201,0.1320686571892
"164","500309",0.0379420966699323,0.00582803307025978,-0.828548400234575,0.873572599658716,-0.235094668353406,0.0873900524812635
"165","500310",0.0525084478194449,0.00967671298889174,-0.823571568944441,0.873055642062281,-0.278235950948775,0.112673557505077
"166","500401",0.0271545498919854,0.0049844143270144,-1.43661495175494,1.14402703822721,-0.114704623069019,0.0617121644787183
"167","500402",0.0575008054477478,0.0101352819418714,-0.610602509584139,0.744851272276252,-0.392715804259831,0.135160052953265
"168","500403",0.0427933718481704,0.00691518360870315,-0.573625097402181,0.723499890717345,-0.360628553007537,0.114937934416736
"169","500404",0.0033303246261075,0.000647677674498441,-0.43926921901626,0.641928574323798,-0.131374934480935,0.0396453955819918
"170","500405",0.0398617643096149,0.00735860632842939,-0.585637480502636,0.734003452390411,-0.340917578406782,0.116869095315815
"171","500406",0.0410491715624336,0.00640354699092179,-1.11712115925243,1.01603817492923,-0.181364348683794,0.0787590147664656
"172","500407",0.0458513057957231,0.00743895380006389,-0.58284570870129,0.731466170928837,-0.367385702532658,0.11791299896155
"173","500408",0.043357584099069,0.00687206877820773,-1.1073512505697,1.01654074325882,-0.18803865543793,0.0815490598794662
"174","500409",0.190317069224806,0.0281833627642679,-0.793737185924355,0.648308655764109,-0.549619513644526,0.258949206967798
"175","500410",0.0206047338477479,0.00369611922364175,-0.957698925770877,0.942452185905415,-0.149883734098671,0.0645080122451341
"176","500501",0.0436826790523456,0.00739426614909152,-1.02924508055344,0.978169925372744,-0.20306535419208,0.087908978440355
"177","500502",0.0430681918257537,0.00762063032617858,-1.25349542785412,1.07776001616336,-0.165560056205424,0.0809978292091576
"178","500503",0.0566448072231924,0.00921098143232595,-0.968523016723236,0.949195199575233,-0.245736747327103,0.101110770587828
"179","500504",0.142813808569219,0.0200130336669999,-0.761781530564943,0.634573673870334,-0.49608336199285,0.222933026579839
"180","500505",0.0446976182201546,0.00707373839031095,-0.844680971939705,0.883347029042288,-0.250293447290612,0.0952123192987552
"181","500506",0.210155732143292,0.0298350416188773,-0.842329459684653,0.670057685782151,-0.5442377094061,0.257781134648526
"182","500507",0.0249789342508003,0.00403632316192141,-1.2639772635055,1.08499360164802,-0.12503963305715,0.0585552430441194
"183","500508",0.166617529179578,0.025877723358277,-0.806306718414722,0.645369372711796,-0.506244206850633,0.249261200096527
"184","500509",0.0438716757468126,0.00750662800094624,-0.7645380373981,0.839927819381279,-0.273963694549292,0.103152671824701
"185","500510",0.0482022788603464,0.00759597873686401,-0.429437568569955,0.639443112193376,-0.511250505243388,0.136298148547431
"186","500511",0.0481594166620959,0.00703559160200509,-1.46295156332378,1.14978200962014,-0.150006701534015,0.0729515967130417
"187","500512",0.0314832387272813,0.00498951505328362,-1.48671183991887,1.1611278069363,-0.119347383204444,0.060834387927902
"188","500513",0.0202172233995739,0.00371189225393586,-0.232999750497841,0.521647038615149,-0.610246502537857,0.116794108076945
"189","500514",0.156063403129264,0.0214592625369867,-0.84165714828705,0.666790247160989,-0.469369991532967,0.219693980452435
"190","600101",0.0391547012995593,0.00698920962351544,-1.35014692842369,0.954210465692143,-0.146558470789404,0.0876132634844216
"191","600102",0.0522283411018875,0.00807761266022355,-0.971355505136694,0.816291624159738,-0.235274527572703,0.11010224431157
"192","600103",0.0172305746066406,0.00315537721090397,-0.585627787056902,0.630144920676316,-0.224144561148002,0.0891425805943926
"193","600104",0.133687951952515,0.0214292448983265,-0.719318261702498,0.614705418378451,-0.508305780959846,0.238142217206262
"194","600105",0.0375812339731581,0.00643273937306905,-1.1360184347354,0.887192308508055,-0.170647582057591,0.0904024519752509
"195","600106",0.0428588760378273,0.00827557937681777,-1.37477563215181,0.963767843212124,-0.150587375094359,0.094390170953792
"196","600201",0.0607189627561568,0.0107768103709926,-0.521339640648264,0.596067110702766,-0.472651917107343,0.174160619635118
"197","600202",0.0551351792907879,0.00964900131508319,-1.01404639151282,0.832763877710057,-0.231556284114019,0.117955800974634
"198","600203",0.0291362412591994,0.00529538201923937,-0.491859199032763,0.580215798578326,-0.347037146783578,0.125417776863802
"199","600204",0.161961009754878,0.0228053648895823,-0.694194021703457,0.607955230804832,-0.579728122731812,0.248397324232572
"200","600205",0.189098663800054,0.0283754116137203,-0.595342864608292,0.565363735685902,-0.730427435318356,0.297949826667501
"201","600206",0.037545090846679,0.00703157231733345,-0.510597621076609,0.589867268490998,-0.379487777460866,0.14215820328187
"202","600207",0.0506316414046435,0.00967367268555925,-0.575198291642418,0.624936235834584,-0.391195108647611,0.157383785536565
"203","600208",0.0393609912179013,0.00756166588569926,-0.544908671114805,0.60773352543536,-0.364090455691959,0.143085474246388
"204","600209",0.00167529103073163,0.000307608670867819,0.28630450712055,0.208351968388412,0.14296079241944,0.0841785961681873
"205","600210",0.0511526707684541,0.00904487175268784,-0.412088932675488,0.538271495787952,-0.548836777820072,0.176685058390631
"206","600211",0.0184459515358306,0.00335898420816941,-0.10136996865853,0.379742332851725,-1.33980384377358,0.152621236221465
"207","600212",0.0232273595383692,0.0040619980797237,-0.69064218398735,0.685610048658059,-0.220671791084421,0.0929592653089655
"208","600213",0.182453521030129,0.0291731781333666,-0.623243237996332,0.576196569441473,-0.685359676994681,0.296429351341277
"209","600301",0.0439124702106164,0.00736860889955243,-1.42661885911414,0.973913188158345,-0.146887883529524,0.0881398904336085
"210","600302",0.02982150303761,0.00565698652509851,0.501988359887161,0.146673200201937,0.344010039794669,0.512792664945281
"211","600303",0.0513360442858933,0.0092607543007811,-0.776283512477659,0.725784596907627,-0.291870927501765,0.132591423715835
"212","600304",0.044852204268653,0.00755107046031144,-0.471664609852813,0.569662657948014,-0.449012678817591,0.152540972031606
"213","600305",0.0425668489268277,0.00826682173762375,-0.589761370980668,0.631300351251389,-0.349831915398654,0.144023465067901
"214","600306",0.0289118203652314,0.00597066651993801,0.277547386107842,0.219180025298861,0.612633268179549,0.352541651670629
"215","600307",0.0441985581512131,0.00790514771472485,-0.377827716187614,0.519694307538001,-0.556429616709955,0.171083070038458
"216","600308",0.185766653805642,0.0272503831076095,-0.543194590702849,0.538341708542714,-0.793466220515316,0.306639626779922
"217","600309",0.0454283610569322,0.00735545262970767,-1.33270206253737,0.949758725391001,-0.159930194186122,0.0903007608050301
"218","600310",0.0457171641782112,0.00868856353399976,-0.190813776007625,0.425856280641253,-1.12054658363119,0.218882446296917
"219","600311",0.0285599300415713,0.00513192793207091,-0.505496113862682,0.587796106595175,-0.33431876087336,0.121874702720695
"220","600401",0.140837373441162,0.0203361588733925,-0.720333907931682,0.617474785207322,-0.520984856643569,0.230948547564474
"221","600402",0.0209586164881213,0.00401462154427357,-1.19435193327268,0.907319331989809,-0.121212940953706,0.0698332317899545
"222","600403",0.0530001457382363,0.00938040474955449,-0.720461371581674,0.696914604382397,-0.319541913374232,0.138973253008933
"223","600404",0.197947181138657,0.0306055640773444,-0.686391830043076,0.600896335078534,-0.648190341160388,0.291139169547667
"224","600405",0.0459168029390969,0.00843111839550527,-0.995935737503412,0.825078960111226,-0.215156516530691,0.11128767811054
"225","600406",0.0528982533183405,0.00901892758850942,-1.21420629174002,0.912137031358518,-0.189421027052179,0.104115973035588
"226","600407",0.139940993397052,0.0217541890963996,-0.77107886586988,0.641545808277326,-0.4851473643429,0.229902544475657
"227","600408",0.0276605381807043,0.00477824151269112,-1.1129498319552,0.87764218351217,-0.149435824685555,0.0787619680178093
"228","600409",0.020650520203978,0.00393541677832066,-0.380508464803153,0.522493059222761,-0.377660162477787,0.120064561966694
"229","600410",0.187795686888396,0.0247552464698159,-0.764879771169651,0.63208865923307,-0.566564855724148,0.248917613722917
"230","600411",0.154712674502302,0.0243920378719859,-0.729963802088568,0.616850714554869,-0.538842226922195,0.253188496994192
"231","600412",0.156356101962085,0.024523380542502,-0.798212788234123,0.651625412541254,-0.495380304749924,0.240321239786701
"232","600413",0.0207084630362857,0.00348983437238156,-0.943387453350495,0.806576325899791,-0.152540033542943,0.0732414505912345
"233","600501",0.0360291833547878,0.00664133805273799,-0.18538512277419,0.423351675456373,-1.02388771052744,0.192498128067224
"234","600502",0.167907688002089,0.0240641355769835,-0.664553838817461,0.592244582043344,-0.616602270761709,0.261929272349039
"235","600503",0.165956614387899,0.0256972725593966,-0.758932510709425,0.631691056910569,-0.536777280750196,0.253769127781527
"236","600504",0.0397470528670416,0.00737542896045095,-0.842234291607203,0.7576264084636,-0.236711603004148,0.113354440520011
"237","600505",0.150924135631729,0.0249171255151253,-0.729225091962297,0.620903771131339,-0.532742991072656,0.254228755990665
"238","600506",0.0494820089544454,0.00859717406972827,-1.07857838810779,0.861117230602187,-0.206239547837155,0.10767517361527
"239","600507",0.0393068425003375,0.00709741073499389,-0.835508651020839,0.754231020898551,-0.237292017200309,0.111698046799052
"240","600508",0.202702218964713,0.0283954839628271,-0.793610082605797,0.647470754336426,-0.56731213670356,0.260258235490987
"241","600509",0.219203968603247,0.0338118422528752,-0.673045428156011,0.596851270628733,-0.69563244185546,0.308083397018259
"242","600510",0.0156829785338931,0.00299668419485136,-0.530936105784347,0.601565438639574,-0.235869623543734,0.0909992078078337
"243","700101",0.0277635431177216,0.00510950437798575,-0.101673755847099,0.318057826305192,-1.63880989569012,0.22474151350965
"244","700102",0.0113128385186265,0.00187183314246503,0.146945041060332,0.226621989820241,0.723820467361509,0.190911248501726
"245","700103",0.175916539741815,0.0272059449383613,-0.238649489935566,0.412100336952452,-1.75748985381791,0.400247785530938
"246","700104",0.0358736910517938,0.00688675949951581,-0.17010036029281,0.345948725838077,-1.11348096797478,0.239880929494717
"247","700105",0.16490950650173,0.0231106799393771,-0.19422022535544,0.390366780232149,-2.09087655219924,0.389433680310466
"248","700106",0.0499042414278804,0.00870304436020378,-0.20640504801856,0.364133773795367,-1.08230188456682,0.256197351909424
"249","700107",0.167186217948255,0.0266510306954386,-0.424858604153485,0.4893061006967,-0.962400453011808,0.333638664517411
"250","700108",0.149887654208885,0.0224396480743262,-0.214967470806088,0.40012067134456,-1.80098536866456,0.374383786090772
"251","700109",0.0435173354539481,0.00865840163318755,-0.198185046732516,0.358640804067252,-1.05259248372049,0.259453279244717
"252","700110",0.0614787691826675,0.0105958130404517,-0.569506569762017,0.519711393493233,-0.435375357131084,0.198063708083408
"253","700201",0.0198324985636929,0.00397220705277716,-0.433921269660587,0.461430786544364,-0.324547133115658,0.136587001773902
"254","700202",0.0481804367909492,0.00920337040545706,-0.24442468087202,0.37971685789774,-0.898028892615916,0.252646666364822
"255","700203",0.0463986389435848,0.00883707780378203,0.233391554954717,0.198470382902905,0.922927279999971,0.473651188903154
"256","700204",0.0448540632917639,0.00843957314047165,0.23265017813794,0.197094408421479,0.91032717273614,0.466107334776327
"257","700205",0.0362374188849357,0.00631716798924537,-0.97732891663305,0.685283904976664,-0.194777092862829,0.115982023426656
"258","700206",0.00343028737169513,0.000470430072215192,0.4522040998541,0.136429114945331,0.129518187068265,0.158979261907203
"259","700207",0.0234538516371856,0.00448185563209263,-0.458290991456027,0.471495029915618,-0.334168697816702,0.141988055744991
"260","700208",0.0238468009594064,0.00433860225136847,-0.318151781603182,0.410628890895608,-0.485378688476873,0.16040777565437
"261","700209",0.0431313699446639,0.00818313472953988,-0.0871104267494484,0.312019292036378,-2.38411107350481,0.28992015199304
"262","700210",0.0399066069023305,0.00814812754908189,-0.310450013910494,0.406957771805048,-0.643473576614517,0.221809203652152
"263","700211",0.0210477276065468,0.00397119377226749,-0.230218426965849,0.372131208537678,-0.63017696628876,0.169341906940412
"264","700212",0.18836556298097,0.0299300753408565,-0.350077043566677,0.458510266491918,-1.2397585762766,0.377315668888483
"265","700213",0.0399219487727482,0.00735910365254091,-0.326410067123064,0.414289503771732,-0.612128107483125,0.207065873902371
"266","700214",0.0496156459617505,0.00874941058538421,0.38969304921819,0.150357177533802,0.571592689198608,0.622107208959929
"267","700301",0.0429734175520677,0.00774562253801485,-0.427940340837684,0.458840546039929,-0.484414035949256,0.19180784968269
"268","700302",0.0354619847721555,0.0068600699642928,-0.307657919677838,0.406831432261815,-0.612087373045456,0.20358687347094
"269","700303",0.0246203234625005,0.00487269379260414,-0.858838532752476,0.642173674694304,-0.182698657414556,0.108700630252762
"270","700304",0.0399580958712308,0.00726153336795467,-0.248497285172005,0.38097140457836,-0.804416080797501,0.223677237085737
"271","700305",0.0275978130645337,0.00495050929210992,-0.522895721596867,0.500722492406432,-0.317703680417101,0.140516666921707
"272","700306",0.0525625456733914,0.0098311144834688,-0.821338831571974,0.625260865282936,-0.279135992549664,0.158576975155622
"273","700307",0.023945216871804,0.00456616845078842,-0.281001724316133,0.393514654015794,-0.550681393235635,0.171717696852469
"274","700308",0.0092829626284916,0.00126309197304679,-0.102275762980231,0.316241225123102,-0.942042666339485,0.112382581475365
"275","700309",0.017418214572024,0.00313885509022486,-0.6227512520057,0.54483168773651,-0.211927448167491,0.102830814247054
"276","700310",0.0258763918934215,0.00436126437022347,-0.185552381493794,0.352983404600125,-0.866932585608873,0.187090579017827
"277","700311",0.0194275121202146,0.00292334762886141,-0.199051454827221,0.35947074911541,-0.700234070925853,0.150409987267094
"278","700312",0.0484343154167648,0.00910988072166597,-0.351682276088917,0.425197378631466,-0.625786372325548,0.224473856005316
"279","800101",0.0212775211360819,0.00367729330549203,-0.279070438243496,0.383107928616509,-0.522692996303816,0.158286179038023
"280","800102",0.137355898156781,0.0229230041947499,-0.436324202899458,0.49539093625498,-0.849404099223613,0.305624179499131
"281","800103",0.19720760476831,0.0309111521978573,-0.208882151695389,0.39483447658813,-2.12598647167816,0.445289576251293
"282","800104",0.041834156370125,0.00796601370396534,-0.602613333090856,0.521729989224447,-0.339411670547998,0.171070342056025
"283","800105",0.166988559919551,0.0259719235335437,-0.253347319912949,0.41465393258427,-1.61297280565304,0.38865679873967
"284","800106",0.0263800672029264,0.0046875473713286,0.320275122538425,0.162997380142743,0.507124675435545,0.420041509738278
"285","800107",0.0452774852861414,0.00817158093271309,-0.911104664804509,0.644413814007466,-0.233546239534638,0.140277559500647
"286","800108",0.163785772717194,0.0263864392047956,-0.387573185070547,0.471052460084718,-1.04420162565044,0.344842763883939
"287","800109",0.0485983631739291,0.00902592657656453,-0.0906704441036332,0.306276840187475,-2.43133654634296,0.310192819461776
"288","800110",0.172258082366016,0.027146660846481,-0.256297372527498,0.414553191489362,-1.61936836209231,0.397445830813437
"289","800111",0.176061964422171,0.0268397051858084,-0.204348194712496,0.393846512712853,-2.05334519498628,0.415969862062017
"290","800112",0.193236404443469,0.0311137068094593,-0.346305560982282,0.457717584369449,-1.26936058377924,0.38537033472365
"291","800113",0.149444255480844,0.0237267061762437,-0.237860839676193,0.409151911917869,-1.62523686656582,0.376473265561326
"292","800114",0.0284415487577852,0.00470087327762891,-0.41254978670491,0.440345880826683,-0.408789991181218,0.155702409685699
"293","800201",0.152416065760458,0.0246373598735464,-0.538537324508252,0.540345849802372,-0.724935829803669,0.29048603817993
"294","800202",0.0408193173439526,0.00753154907403177,-0.744504606290291,0.581040502090354,-0.271372277556409,0.149360496519356
"295","800203",0.00479057307119553,0.000748157542080859,-0.25648075124513,0.373359731316841,-0.269860274239393,0.0732603609091152
"296","800204",0.0467668848638891,0.00898482076333821,-0.948885737875146,0.65753908659759,-0.227905760373911,0.144156136683957
"297","800205",0.039595305158231,0.00800389382820573,-0.58826620070731,0.516220174335256,-0.338257901947508,0.173306833132912
"298","800206",0.0208519983110729,0.00422768635580228,-0.355773227176393,0.415622690974445,-0.405882734199914,0.156441557219343
"299","800207",0.197053865677497,0.0284991686213268,-0.406269106914933,0.47815503875969,-1.09264398695822,0.353059058522454
"300","800208",0.0445332058238241,0.00843439799680863,-0.686533764136518,0.557258242985054,-0.307383165686547,0.164805060834149
"301","800209",0.049983618621542,0.00950302413374248,-1.06653061288595,0.699134934048655,-0.209623767168283,0.139434393769929
"302","800210",0.0431625290970341,0.0085934268939038,-0.660616194062494,0.545489848452988,-0.314488107069454,0.169940354766509
"303","800301",0.194477277106637,0.0302640700344635,-0.558889991533726,0.546450790413055,-0.789056497150846,0.318355683922791
"304","800302",0.0423990729407959,0.00783498290278318,-0.496772540929706,0.477271368680041,-0.414496242733805,0.185461447282865
"305","800303",0.0441931378014711,0.00791060721298964,-0.525677270136313,0.488781446354707,-0.399906276437196,0.18196597897754
"306","800304",0.0503091606452868,0.00988498797147545,-0.282402213229234,0.384579221412761,-0.794246737923008,0.258524827326732
"307","800305",0.169034451078107,0.0278096556170962,-0.343085000169528,0.454537010976639,-1.19835607786344,0.36688381525793
"308","800306",0.0483016371330912,0.00843933313757413,-0.513259493661486,0.483644378952282,-0.428197309640994,0.189945023962729
"309","800307",0.0132777775243388,0.00227987633319872,0.0345809716874586,0.264138289483314,3.33215735110081,0.180769136739009
"310","800308",0.154526268831293,0.0256153166101239,-0.482776217417798,0.515747826086956,-0.814245358256052,0.310321923145468
"311","800309",0.0420205932722637,0.00813550397315456,-0.502520530276005,0.479425271360016,-0.407922142980319,0.188135740886612
"312","800401",0.0430099875542908,0.00818945068208598,-0.885937723297776,0.634989376913382,-0.234089246696622,0.142515114522177
"313","800402",0.183672895195494,0.027548384595124,-0.612634703640857,0.568994497248624,-0.699553512285477,0.291702400025096
"314","800403",0.0323519386156497,0.00571932925151346,-0.701082228086093,0.563226245076414,-0.256555421608317,0.134273300948363
"315","800404",0.0566240855747412,0.0104374772497161,-0.916683251066608,0.645653269564267,-0.259586022780981,0.158233493397334
"316","800405",0.174840215904323,0.0273714246772737,-0.527871126808943,0.537867593269934,-0.792123247314236,0.30759078666863
"317","800406",0.0342271183354353,0.00664583813967518,-0.948782674586485,0.656597756696737,-0.194992731315368,0.124158222173804
"318","800407",0.0334648734976713,0.0063189551719848,-0.985582905857219,0.669876121037592,-0.185610025935619,0.118666501930707
"319","800408",0.0052481373434447,0.000923408520922076,-0.491312469448176,0.474183192449932,-0.147450011029948,0.0640841727774503
"320","800409",0.166005312943041,0.0259455522308102,-0.407268453747452,0.4801365001365,-1.00041506284369,0.335480079250507
"321","800410",0.0453851535342356,0.00833467082480638,-0.590417118412203,0.51706148528159,-0.36082611610706,0.176563950255146
"322","800411",0.159882039928815,0.0251711842481825,-0.494420036312588,0.51728515625,-0.80873041818088,0.306705672295278
"323","800412",0.0396679853478792,0.00755674095699187,-1.19667797327754,0.739221346980631,-0.166434277416004,0.117596059061563
"324","800413",0.0520259914715298,0.00949789848246415,-1.00557388995785,0.674784129540191,-0.226827755025632,0.144427170154021
"325","800414",0.0478965528343458,0.00897070852936534,-0.772114697418756,0.591659245218743,-0.283445984931249,0.16008171113522
"326","800415",0.184901790661556,0.0295494064704521,-0.60539625695817,0.567931972789116,-0.71028202969096,0.302676053181042
"327","800501",0.0406189988988746,0.00736205688264264,-0.206191296535953,0.356350814608024,-0.977449386292615,0.240780786332752
"328","800502",0.19922569105604,0.0308095801505296,-0.531439199374676,0.537035681610247,-0.839883570461924,0.326843421439689
"329","800503",0.127917446567369,0.0209102012760199,-0.509169857184683,0.527387283236994,-0.702428631262304,0.274188637251766
"330","800504",0.0263083825186712,0.0048013367160163,-0.142664991566075,0.329339126351643,-1.13691935193767,0.210396132751436
"331","800505",0.0374548366716212,0.00729671974091165,0.516110855710879,0.120857494217168,0.374982465152495,0.706789757517191
"332","800506",0.00317791508354685,0.000455539454623657,0.30136754163461,0.167175286470907,0.187057303155767,0.1276706068455
"333","800507",0.0377872088891635,0.0070396552097634,0.178980492870699,0.210351988897755,1.08609223197203,0.398867886224447
"334","800508",0.0363439939042174,0.00606653073437184,0.0754567265495116,0.255093529179313,2.52649454391576,0.305330900701015
"335","800509",0.0227520139857555,0.00402738985166287,0.491088017161327,0.124369673159553,0.307150046771453,0.510266835674086
"336","800510",0.04090236605648,0.007689242728872,-0.318474517726293,0.400566000053658,-0.635037726782736,0.218911058847137
"337","800511",0.0432156967270403,0.0078027509900025,-0.757195688649102,0.583524436661638,-0.274544423656578,0.151378718961015
"338","800601",0.13975416135151,0.0225059294961826,-0.66048006735588,0.592886439101116,-0.566008116061842,0.25303288082067
"339","800602",0.0396727444558397,0.00781263688111648,0.145737759056305,0.220929085615823,1.36670264570335,0.400079155332013
"340","800603",0.17757873873302,0.0286479110304539,-0.435787415752714,0.499212513484358,-0.966987362988207,0.339047867065668
"341","800604",0.0404837428502905,0.00822386323476814,-0.810028806603872,0.605363422485933,-0.248393293012853,0.149803432056613
"342","800605",0.0395969896706517,0.00716500897995607,0.0968196228495437,0.245268239335991,2.05526439459201,0.345117558997302
"343","800606",0.0434772623824263,0.00813121468913156,-1.06390166232553,0.694803433825481,-0.195988057110001,0.12978238707529
"344","800607",0.0411401259188163,0.00739007613378401,0.281668887250034,0.183371790722287,0.720101855924904,0.468804670988548
